conflict_id;dyad_id;country;incompatibility;year;bd_best;bd_low;bd_high;type_of_conflict;region
372;800;Mali;1;1990;457;457;467;3;4
404;855;Pakistan;2;1990;70;70;70;3;3
222;434;Myanmar (Burma);2;1990;25;25;25;3;3
308;656, 657;Philippines;1;1990;141;141;141;3;3
309;663;Sudan;2;1990;4335;4335;4335;3;4
374;804;Rwanda;2;1990;1126;1098;2338;4;4
267;558;Ethiopia;2;1990;18985;18985;18992;3;4
421;884;India;1;1990;25;25;25;3;3
332;722;Mozambique;2;1990;1577;327;1577;4;4
289;623, 624, 626;Colombia;2;1990;501;501;568;3;5
288;606, 609;Chad;2;1990;1352;1352;8932;3;4
300;644, 646;Cambodia (Kampuchea);2;1990;274;268;657;3;3
333;724, 726, 727, 732, 733;Afghanistan;2;1990;1478;1323;2275;3;3
413;869;Ethiopia;1;1990;80;80;3036;3;4
205;406;Iran;1;1990;31;31;335;3;2
209;411, 412;Philippines;2;1990;1175;1171;1193;3;3
218;422;India, Pakistan;1;1990;28;26;28;2;3
221;428;Myanmar (Burma);1;1990;393;393;428;3;3
224;445;Myanmar (Burma);1;1990;112;112;112;3;3
231;461;Myanmar (Burma);1;1990;25;25;25;3;3
233;469;Guatemala;2;1990;83;83;114;3;5
234;476;Israel;1;1990;29;26;49;3;2
260;532;Lebanon;2;1990;700;400;800;4;2
262;537;Laos;2;1990;249;45;249;3;3
271;564, 565;Iraq;1;1990;94;94;94;3;2
275;571;Ethiopia;1;1990;30633;30633;30633;3;4
292;631, 632;Peru;2;1990;1099;1099;1099;3;5
313;674;Sri Lanka;2;1990;61;61;61;3;3
314;686, 688;Uganda;2;1990;621;621;633;3;4
315;692;United Kingdom;1;1990;44;44;46;3;1
316;697;El Salvador;2;1990;849;849;999;3;5
322;705;Bangladesh;1;1990;45;45;45;3;3
327;714;Angola;2;1990;2558;2557;4452;3;4
336;742;Nicaragua;2;1990;39;39;43;3;5
337;744, 745, 746;Somalia;2;1990;2710;1641;2962;3;4
341;759, 760;Liberia;2;1990;347;347;431;3;4
351;775;India;1;1990;1839;1839;1882;3;3
352;776;Sri Lanka;1;1990;3561;3561;4600;3;3
354;781;Turkey;1;1990;526;514;525;3;2
364;792;India;1;1990;474;452;703;3;3
365;793;India;1;1990;30;6;30;3;3
366;794;Indonesia;1;1990;72;61;127;3;3
369;797;Papua New Guinea;1;1990;55;55;65;3;3
371;799;Iraq, Kuwait;1;1990;1058;1058;1058;2;2
375;806;Senegal;1;1990;58;58;58;3;4
376;807;Russia (Soviet Union);1;1990;49;49;64;3;1
377;808;Russia (Soviet Union);1;1990;143;29;338;3;1
378;809;Trinidad and Tobago;2;1990;39;32;55;3;5
426;891;Israel;1;1990;42;42;45;3;2
11447;10006;Ethiopia;1;1991;100;100;100;3;4
372;10054;Mali;1;1991;59;3;138;3;4
383;822;Turkey;2;1991;39;39;39;3;2
222;434;Myanmar (Burma);2;1991;25;25;25;3;3
11475;11018;Myanmar (Burma);1;1991;150;150;150;3;3
223;442;Myanmar (Burma);1;1991;25;25;25;3;3
287;593;Burundi;2;1991;272;272;551;3;4
227;451;India;2;1991;78;78;78;3;3
309;663;Sudan;2;1991;1317;1317;4317;3;4
386;827;Algeria;2;1991;34;34;34;3;4
374;804;Rwanda;2;1991;153;150;1977;3;4
267;558, 12104;Ethiopia;2;1991;4518;4518;5568;3;4
338;753;Iran;2;1991;45;45;45;3;2
259;521;Iraq;2;1991;237;237;1261;3;2
430;895;Niger;2;1991;40;40;150;3;4
332;722;Mozambique;2;1991;1326;365;2359;3;4
289;623, 624;Colombia;2;1991;725;725;754;3;5
288;610, 611;Chad;2;1991;68;68;68;3;4
300;644, 646, 647;Cambodia (Kampuchea);2;1991;220;220;451;3;3
387;831;Angola;1;1991;25;6;41;3;4
333;724, 726, 727, 732;Afghanistan;2;1991;3302;3156;3802;3;3
413;869;Ethiopia;1;1991;700;700;1330;3;4
381;815;Haiti;2;1991;160;55;359;3;5
209;411;Philippines;2;1991;1514;1514;1933;3;3
218;422;India, Pakistan;1;1991;99;99;195;2;3
221;428;Myanmar (Burma);1;1991;552;497;672;3;3
231;461;Myanmar (Burma);1;1991;25;25;25;3;3
233;469;Guatemala;2;1991;72;72;85;3;5
234;476;Israel;1;1991;28;28;30;3;2
271;564, 565;Iraq;1;1991;1247;1247;2603;3;2
275;571;Ethiopia;1;1991;6907;6904;6907;3;4
292;631, 632;Peru;2;1991;1138;1138;1139;3;5
314;686, 688;Uganda;2;1991;853;853;853;3;4
315;692;United Kingdom;1;1991;26;26;27;3;1
316;697;El Salvador;2;1991;88;88;93;3;5
322;705;Bangladesh;1;1991;25;22;45;3;3
327;714;Angola;2;1991;491;491;647;3;4
337;744, 745, 746, 747;Somalia;2;1991;8005;7230;9005;3;4
342;763;Spain;1;1991;45;45;45;3;1
351;775;India;1;1991;2673;2673;2739;3;3
352;776;Sri Lanka;1;1991;6432;6432;6787;3;3
354;781;Turkey;1;1991;368;368;373;3;2
364;792;India;1;1991;330;330;551;3;3
366;794;Indonesia;1;1991;58;57;133;3;3
371;799;Iraq, Kuwait;1;1991;21790;21747;26203;2;2
376;807;Russia (Soviet Union);1;1991;220;220;501;3;1
379;810;Djibouti;2;1991;60;60;240;3;4
380;812;Georgia;2;1991;52;52;170;3;1
382;818;Sierra Leone;2;1991;552;551;1263;4;4
384;824;Serbia (Yugoslavia);1;1991;64;64;64;3;1
385;825, 826;Serbia (Yugoslavia);1;1991;2958;2885;4401;3;1
388;833;Azerbaijan;1;1991;35;35;35;4;1
426;891;Israel;1;1991;28;28;31;3;2
383;822;Turkey;2;1992;71;71;71;3;2
222;434;Myanmar (Burma);2;1992;25;25;25;3;3
335;739;India;1;1992;29;29;31;3;3
287;593;Burundi;2;1992;61;61;61;3;4
227;451;India;2;1992;322;322;502;3;3
309;663;Sudan;2;1992;1083;1083;4083;3;4
386;828;Algeria;2;1992;257;257;336;3;4
374;804;Rwanda;2;1992;87;87;1390;3;4
395;842, 12298;Tajikistan;2;1992;3355;3352;5118;4;3
259;521;Iraq;2;1992;280;280;741;3;2
430;895;Niger;2;1992;29;29;29;3;4
332;722;Mozambique;2;1992;309;309;445;3;4
289;623, 624;Colombia;2;1992;1479;1479;1503;3;5
288;610, 612, 613, 614;Chad;2;1992;899;899;1553;3;4
300;644;Cambodia (Kampuchea);2;1992;118;118;118;3;3
387;832;Angola;1;1992;25;2;128;3;4
333;724, 726, 732;Afghanistan;2;1992;4276;4259;5460;3;3
413;869;Ethiopia;1;1992;165;165;275;3;4
209;411;Philippines;2;1992;430;430;454;3;3
218;422;India, Pakistan;1;1992;25;25;33;2;3
221;428;Myanmar (Burma);1;1992;1163;1130;1275;3;3
231;461;Myanmar (Burma);1;1992;25;25;25;3;3
233;469;Guatemala;2;1992;67;67;95;3;5
234;476;Israel;1;1992;33;32;36;3;2
251;508;India;1;1992;47;47;47;3;3
253;511;Myanmar (Burma);1;1992;404;402;404;3;3
271;565;Iraq;1;1992;26;26;52;3;2
277;575;Venezuela;2;1992;144;144;263;3;5
292;631, 632;Peru;2;1992;1042;1042;1044;3;5
314;686;Uganda;2;1992;72;72;72;3;4
327;714;Angola;2;1992;2321;2321;3572;3;4
330;720;Indonesia;1;1992;39;39;39;3;3
337;747;Somalia;2;1992;1154;1154;9823;3;4
351;775;India;1;1992;2390;2390;2444;3;3
352;776;Sri Lanka;1;1992;4091;4091;4247;3;3
354;781;Turkey;1;1992;1659;1659;1676;3;2
364;792;India;1;1992;265;265;337;3;3
369;797;Papua New Guinea;1;1992;35;35;55;3;3
375;806;Senegal;1;1992;78;78;78;3;4
379;810;Djibouti;2;1992;129;44;757;3;4
380;813;Georgia;2;1992;71;71;76;3;1
382;818;Sierra Leone;2;1992;218;218;342;4;4
385;826;Serbia (Yugoslavia);1;1992;153;153;163;3;1
388;833;Azerbaijan;1;1992;2167;2099;3635;4;1
389;834, 835;Bosnia-Herzegovina;1;1992;16802;13897;19024;4;1
390;836, 837;Croatia;1;1992;4034;3998;4065;4;1
392;839;Georgia;1;1992;566;566;1195;3;1
393;840;Georgia;1;1992;134;134;137;3;1
394;841;Moldova;1;1992;585;316;632;3;1
398;848;Bosnia-Herzegovina;1;1992;80;80;80;3;1
426;891;Israel;1;1992;87;87;120;3;2
383;822;Turkey;2;1993;32;32;32;3;2
308;656, 658;Philippines;1;1993;154;154;178;3;3
227;451;India;2;1993;182;174;193;3;3
264;549;Myanmar (Burma);1;1993;130;130;230;3;3
309;663;Sudan;2;1993;942;942;942;3;4
386;828, 829;Algeria;2;1993;800;800;860;3;4
374;804;Rwanda;2;1993;353;353;403;3;4
395;842;Tajikistan;2;1993;1395;1395;1596;4;3
391;838;Egypt;2;1993;103;103;119;3;2
338;753;Iran;2;1993;76;76;152;3;2
259;521;Iraq;2;1993;75;75;203;3;2
289;623, 624;Colombia;2;1993;182;182;192;3;5
288;610, 612, 613, 614;Chad;2;1993;120;120;120;3;4
300;644;Cambodia (Kampuchea);2;1993;274;274;393;3;3
333;726, 732, 734;Afghanistan;2;1993;3721;3713;7805;3;3
399;849;Russia (Soviet Union);2;1993;145;145;147;3;1
205;406;Iran;1;1993;110;110;110;3;2
209;411;Philippines;2;1993;99;99;114;3;3
233;469;Guatemala;2;1993;58;58;86;3;5
234;477;Israel;1;1993;47;47;48;3;2
251;508;India;1;1993;92;92;128;3;3
292;631, 632;Peru;2;1993;672;672;677;3;5
327;714;Angola;2;1993;12054;12054;23329;3;4
329;718;Ethiopia;1;1993;36;36;36;3;4
337;747;Somalia;2;1993;25;18;25;3;4
347;769;India;1;1993;25;25;25;3;3
351;775;India;1;1993;358;358;360;3;3
352;776;Sri Lanka;1;1993;2075;2075;2347;3;3
354;781;Turkey;1;1993;2304;2304;3512;3;2
364;792;India;1;1993;846;845;1159;3;3
369;797;Papua New Guinea;1;1993;34;34;62;3;3
375;806;Senegal;1;1993;233;233;243;3;4
379;810;Djibouti;2;1993;33;33;107;3;4
380;813;Georgia;2;1993;152;152;152;3;1
382;818;Sierra Leone;2;1993;415;415;1088;4;4
388;833;Azerbaijan;1;1993;1171;968;1801;4;1
389;834, 835;Bosnia-Herzegovina;1;1993;4980;4488;6326;4;1
390;837;Croatia;1;1993;418;418;486;4;1
392;839;Georgia;1;1993;1611;1611;2563;3;1
396;844;Azerbaijan;2;1993;60;60;88;3;1
397;846;Bosnia-Herzegovina;1;1993;231;202;317;3;1
398;847, 848;Bosnia-Herzegovina;1;1993;7949;7671;8764;4;1
408;861;Congo;2;1993;53;53;53;3;4
426;891;Israel;1;1993;124;124;186;3;2
372;801;Mali;1;1994;106;106;106;3;4
404;855;Pakistan;2;1994;38;38;38;3;3
222;434;Myanmar (Burma);2;1994;25;25;25;3;3
308;657, 658;Philippines;1;1994;196;196;213;3;3
223;442;Myanmar (Burma);1;1994;109;109;109;3;3
287;594;Burundi;2;1994;56;56;532;3;4
227;451;India;2;1994;68;68;68;3;3
264;549;Myanmar (Burma);1;1994;526;526;984;3;3
309;663;Sudan;2;1994;337;337;337;3;4
386;828, 829;Algeria;2;1994;1916;1916;2079;3;4
374;804;Rwanda;2;1994;1882;1781;2026;3;4
395;842;Tajikistan;2;1994;356;356;645;4;3
391;838;Egypt;2;1994;145;145;157;3;2
259;521;Iraq;2;1994;34;34;36;3;2
421;885;India;1;1994;36;36;36;3;3
289;623, 624;Colombia;2;1994;1123;1123;1334;3;5
288;612, 613, 614;Chad;2;1994;156;156;260;3;4
300;644;Cambodia (Kampuchea);2;1994;464;404;1126;3;3
387;831, 832;Angola;1;1994;50;4;154;3;4
333;726, 732, 734;Afghanistan;2;1994;8937;8937;11955;3;3
413;869;Ethiopia;1;1994;25;25;42;3;4
209;411;Philippines;2;1994;69;69;73;3;3
218;422;India, Pakistan;1;1994;42;42;42;2;3
221;428;Myanmar (Burma);1;1994;25;15;25;3;3
233;469;Guatemala;2;1994;37;37;39;3;5
234;477;Israel;1;1994;44;41;45;3;2
251;508;India;1;1994;60;58;69;3;3
292;631;Peru;2;1994;253;253;253;3;5
314;688;Uganda;2;1994;149;149;226;3;4
327;714;Angola;2;1994;3925;3920;11087;3;4
329;719;Ethiopia;1;1994;50;50;50;3;4
337;747;Somalia;2;1994;237;237;614;3;4
347;769;India;1;1994;25;25;25;3;3
352;776;Sri Lanka;1;1994;657;657;746;3;3
354;781;Turkey;1;1994;4159;4159;4262;3;2
364;792;India;1;1994;958;955;1148;3;3
365;793;India;1;1994;25;25;126;3;3
369;797;Papua New Guinea;1;1994;26;26;26;3;3
373;803;Niger;1;1994;50;50;90;3;4
379;810;Djibouti;2;1994;39;39;46;3;4
382;818;Sierra Leone;2;1994;628;628;779;4;4
388;833;Azerbaijan;1;1994;1507;1257;3937;3;1
389;834, 835;Bosnia-Herzegovina;1;1994;4873;4410;5609;3;1
390;837;Croatia;1;1994;86;86;86;3;1
397;846;Bosnia-Herzegovina;1;1994;1385;1372;1659;3;1
398;847, 848;Bosnia-Herzegovina;1;1994;678;567;685;3;1
400;850;Mexico;2;1994;145;145;445;3;5
401;852;Russia (Soviet Union);1;1994;229;229;338;3;1
402;853;Yemen (North Yemen);1;1994;1489;1283;3253;3;2
426;891;Israel;1;1994;82;71;120;3;2
404;855;Pakistan;2;1995;52;52;55;3;3
11475;11018;Myanmar (Burma);1;1995;33;33;33;3;3
308;658;Philippines;1;1995;116;116;122;3;3
287;594, 596;Burundi;2;1995;382;308;926;3;4
264;549;Myanmar (Burma);1;1995;174;174;332;3;3
309;663;Sudan;2;1995;1000;1000;1882;3;4
386;828, 829;Algeria;2;1995;3008;2984;6091;3;4
395;842;Tajikistan;2;1995;368;362;649;4;3
391;838;Egypt;2;1995;191;191;199;3;2
259;521;Iraq;2;1995;325;325;650;3;2
289;623, 624;Colombia;2;1995;823;823;828;3;5
300;644;Cambodia (Kampuchea);2;1995;694;684;1105;3;3
387;832;Angola;1;1995;25;3;87;3;4
333;726, 732, 734, 735;Afghanistan;2;1995;5516;5516;6490;3;3
413;869;Ethiopia;1;1995;25;1;402;3;4
209;411;Philippines;2;1995;36;36;41;3;3
221;428;Myanmar (Burma);1;1995;110;60;110;3;3
233;469;Guatemala;2;1995;27;21;27;3;5
234;478;Israel;1;1995;34;34;36;3;2
251;508;India;1;1995;95;95;95;3;3
271;565;Iraq;1;1995;262;262;302;3;2
292;631;Peru;2;1995;178;178;178;3;5
314;688;Uganda;2;1995;295;295;332;3;4
327;714;Angola;2;1995;162;162;522;3;4
337;747;Somalia;2;1995;104;97;108;3;4
347;768;India;1;1995;25;25;25;3;3
352;776;Sri Lanka;1;1995;4755;4748;5062;3;3
354;781;Turkey;1;1995;3725;3718;4422;3;2
364;792;India;1;1995;687;687;894;3;3
365;793;India;1;1995;29;17;78;3;3
369;797;Papua New Guinea;1;1995;29;29;31;3;3
375;806;Senegal;1;1995;299;299;303;3;4
382;818;Sierra Leone;2;1995;1472;1472;2052;4;4
389;834, 835;Bosnia-Herzegovina;1;1995;8061;7722;9761;3;1
390;837;Croatia;1;1995;1132;672;2823;3;1
396;845;Azerbaijan;2;1995;44;44;72;3;1
397;846;Bosnia-Herzegovina;1;1995;488;487;753;3;1
401;852;Russia (Soviet Union);1;1995;1754;1754;3896;3;1
403;854;Ecuador;1;1995;99;92;303;2;5
406;859;Niger;1;1995;34;34;34;3;4
426;891;Israel;1;1995;74;71;88;3;2
283;584;DR Congo (Zaire);2;1996;1288;1148;1836;4;4
404;855;Pakistan;2;1996;42;42;42;3;3
308;657, 658;Philippines;1;1996;180;180;184;3;3
287;594, 596;Burundi;2;1996;987;787;1462;3;4
227;451;India;2;1996;173;172;173;3;3
264;550;Myanmar (Burma);1;1996;25;25;25;3;3
309;663, 664;Sudan;2;1996;2289;2289;2291;3;4
386;828, 829;Algeria;2;1996;1084;1078;1507;3;4
374;805;Rwanda;2;1996;124;94;355;3;4
395;842;Tajikistan;2;1996;2790;2790;2869;4;3
391;838;Egypt;2;1996;85;85;99;3;2
259;521;Iraq;2;1996;42;42;66;3;2
421;885;India;1;1996;25;25;27;3;3
289;623, 624;Colombia;2;1996;1192;1185;1229;3;5
300;644;Cambodia (Kampuchea);2;1996;788;788;1007;3;3
387;832;Angola;1;1996;29;6;256;3;4
333;724, 735, 736;Afghanistan;2;1996;3177;3161;3638;3;3
205;406;Iran;1;1996;27;27;29;3;2
218;422;India, Pakistan;1;1996;35;35;35;2;3
224;446;Myanmar (Burma);1;1996;80;80;80;3;3
234;479;Israel;1;1996;66;66;66;3;2
251;508;India;1;1996;40;40;40;3;3
253;511;Myanmar (Burma);1;1996;124;124;140;3;3
269;562;Nepal;2;1996;44;44;46;3;3
271;565;Iraq;1;1996;356;356;366;3;2
292;631;Peru;2;1996;80;80;80;3;5
314;688, 689, 690;Uganda;2;1996;1268;1268;1614;3;4
329;718, 719;Ethiopia;1;1996;211;211;481;3;4
337;747;Somalia;2;1996;256;255;308;3;4
347;768;India;1;1996;28;28;28;3;3
352;776;Sri Lanka;1;1996;3868;3868;4254;3;3
354;781;Turkey;1;1996;3962;3962;4055;3;2
363;791;Ethiopia;1;1996;25;25;25;3;4
364;792;India;1;1996;489;489;1232;3;3
365;793;India;1;1996;48;48;53;3;3
369;797;Papua New Guinea;1;1996;78;78;80;3;3
382;818;Sierra Leone;2;1996;570;570;735;4;4
400;851;Mexico;2;1996;37;37;70;3;5
401;852;Russia (Soviet Union);1;1996;2721;2704;4027;3;1
405;858;Cameroon, Nigeria;1;1996;56;56;57;2;4
426;891;Israel;1;1996;96;94;104;3;2
283;584;DR Congo (Zaire);2;1997;4465;4046;4834;4;4
308;657, 658;Philippines;1;1997;270;230;348;3;3
335;739, 740;India;1;1997;72;52;72;3;3
287;594, 595, 596;Burundi;2;1997;1159;1048;1944;3;4
227;451;India;2;1997;84;78;85;3;3
264;550;Myanmar (Burma);1;1997;152;152;157;3;3
309;663, 664;Sudan;2;1997;3709;3709;7228;3;4
386;828, 829;Algeria;2;1997;1403;1403;2061;3;4
374;805;Rwanda;2;1997;1086;686;1466;3;4
395;843;Tajikistan;2;1997;87;87;87;3;3
391;838;Egypt;2;1997;66;66;69;3;2
338;753;Iran;2;1997;38;38;42;3;2
421;885;India;1;1997;34;34;34;3;3
430;896;Niger;2;1997;62;62;62;3;4
289;623, 624;Colombia;2;1997;560;560;676;3;5
288;610, 615;Chad;2;1997;97;97;97;3;4
300;644, 15800, 15801;Cambodia (Kampuchea);2;1997;415;415;649;3;3
387;831, 832;Angola;1;1997;51;6;70;3;4
333;736;Afghanistan;2;1997;6396;4244;8281;3;3
209;411;Philippines;2;1997;32;32;32;3;3
218;422;India, Pakistan;1;1997;127;127;133;2;3
221;428;Myanmar (Burma);1;1997;41;41;41;3;3
251;508;India;1;1997;37;37;37;3;3
269;562;Nepal;2;1997;40;40;40;3;3
292;631;Peru;2;1997;93;93;99;3;5
314;688, 689, 691;Uganda;2;1997;888;888;1179;3;4
326;712;Eritrea;2;1997;31;31;117;3;4
330;720;Indonesia;1;1997;51;51;79;3;3
352;776;Sri Lanka;1;1997;2880;2880;3959;3;3
354;781;Turkey;1;1997;3866;3863;5088;3;2
364;792;India;1;1997;533;533;555;3;3
365;793;India;1;1997;112;112;119;3;3
375;806;Senegal;1;1997;319;319;319;3;4
382;818, 819, 820;Sierra Leone;2;1997;748;747;1552;4;4
388;833;Azerbaijan;1;1997;29;29;36;4;1
407;860;Comoros;1;1997;56;56;78;3;4
408;862, 863;Congo;2;1997;10033;10033;20033;4;4
422;887;Myanmar (Burma);1;1997;130;130;130;3;3
426;891;Israel;1;1997;88;88;96;3;2
283;585, 586;DR Congo (Zaire);2;1998;3343;3022;5711;4;4
308;657, 658;Philippines;1;1998;93;93;93;3;3
287;594, 596, 597;Burundi;2;1998;843;732;933;3;4
227;451;India;2;1998;99;99;111;3;3
264;550;Myanmar (Burma);1;1998;25;4;25;3;3
309;663, 664;Sudan;2;1998;4891;4891;5572;3;4
386;829;Algeria;2;1998;3029;3029;3665;3;4
374;805;Rwanda;2;1998;1096;1096;1901;3;4
395;842, 843;Tajikistan;2;1998;600;600;617;3;3
391;838;Egypt;2;1998;27;27;29;3;2
421;885;India;1;1998;31;31;31;3;3
289;623, 624;Colombia;2;1998;939;938;1384;3;5
288;615;Chad;2;1998;34;34;34;3;4
300;644, 15800;Cambodia (Kampuchea);2;1998;246;246;385;3;3
387;832;Angola;1;1998;25;13;313;3;4
333;736;Afghanistan;2;1998;6256;6168;7698;3;3
413;869;Ethiopia;1;1998;25;25;25;3;4
218;422;India, Pakistan;1;1998;147;147;163;2;3
221;428;Myanmar (Burma);1;1998;36;36;36;3;3
269;562;Nepal;2;1998;250;118;302;3;3
292;631;Peru;2;1998;25;25;25;3;5
314;688, 689;Uganda;2;1998;835;835;1048;3;4
315;693;United Kingdom;1;1998;29;29;29;3;1
327;714;Angola;2;1998;1041;1041;1516;3;4
329;719;Ethiopia;1;1998;25;6;90;3;4
330;720;Indonesia;1;1998;30;14;48;3;3
347;768;India;1;1998;25;25;25;3;3
352;776;Sri Lanka;1;1998;3762;3763;4420;3;3
354;781;Turkey;1;1998;2073;2073;2161;3;2
364;792;India;1;1998;576;576;701;3;3
365;793;India;1;1998;55;55;57;3;3
375;806;Senegal;1;1998;242;242;252;3;4
382;818, 819, 820;Sierra Leone;2;1998;3287;3285;4197;4;4
388;833;Azerbaijan;1;1998;34;34;38;4;1
408;861, 863, 864;Congo;2;1998;3272;3272;3476;4;4
409;865;Eritrea, Ethiopia;1;1998;1000;218;1980;2;4
410;866;Guinea-Bissau;2;1998;505;501;702;4;4
411;867;Lesotho;2;1998;78;78;78;4;4
412;868;Serbia (Yugoslavia);1;1998;1235;651;2288;3;1
426;891;Israel;1;1998;54;54;56;3;2
283;585, 586;DR Congo (Zaire);2;1999;2953;2598;3229;4;4
308;657;Philippines;1;1999;106;73;135;3;3
335;740;India;1;1999;32;38;38;3;3
287;596, 597;Burundi;2;1999;781;545;953;3;4
227;451, 452;India;2;1999;126;120;130;3;3
264;550;Myanmar (Burma);1;1999;25;25;25;3;3
309;663, 664;Sudan;2;1999;1408;1408;1597;3;4
386;829, 830;Algeria;2;1999;1031;1031;1059;3;4
374;805;Rwanda;2;1999;315;115;315;3;4
338;753;Iran;2;1999;28;28;35;3;2
421;885;India;1;1999;33;33;33;3;3
289;623, 624;Colombia;2;1999;1578;1557;1867;3;5
288;616;Chad;2;1999;394;394;1149;3;4
333;736;Afghanistan;2;1999;4629;4594;4945;3;3
413;869;Ethiopia;1;1999;683;372;2914;3;4
209;411;Philippines;2;1999;93;93;98;3;3
218;422;India, Pakistan;1;1999;934;914;1508;2;3
269;562;Nepal;2;1999;156;147;306;3;3
292;631;Peru;2;1999;75;75;75;3;5
314;689;Uganda;2;1999;355;355;355;3;4
326;712;Eritrea;2;1999;25;25;239;3;4
327;714;Angola;2;1999;2273;2273;6431;4;4
329;718, 719;Ethiopia;1;1999;50;50;640;3;4
330;720;Indonesia;1;1999;26;26;30;3;3
347;769;India;1;1999;31;31;31;3;3
352;776;Sri Lanka;1;1999;1882;1882;2616;3;3
354;781;Turkey;1;1999;1360;1360;1437;3;2
364;792;India;1;1999;864;844;883;3;3
365;793;India;1;1999;53;53;58;3;3
366;794;Indonesia;1;1999;187;179;258;3;3
379;811;Djibouti;2;1999;25;25;57;3;4
382;818, 819;Sierra Leone;2;1999;3153;3153;5650;4;4
401;852;Russia (Soviet Union);1;1999;5769;5734;12083;3;1
408;863, 864;Congo;2;1999;626;626;1516;4;4
409;865;Eritrea, Ethiopia;1;1999;47192;47192;47192;2;4
410;866;Guinea-Bissau;2;1999;199;154;225;4;4
412;868;Serbia (Yugoslavia);1;1999;1404;1349;3074;4;1
414;870;Russia (Soviet Union);1;1999;85;85;125;3;1
415;871;Uzbekistan;2;1999;67;64;76;3;3
426;891;Israel;1;1999;41;41;42;3;2
283;585, 586;DR Congo (Zaire);2;2000;1294;1260;2458;4;4
383;16900;Turkey;2;2000;30;30;30;3;2
11475;11018;Myanmar (Burma);1;2000;43;43;43;3;3
308;657, 658;Philippines;1;2000;1427;1405;1559;3;3
335;740;India;1;2000;61;59;64;3;3
287;596, 597;Burundi;2;2000;1529;1357;2246;3;4
227;451, 452, 11932;India;2;2000;196;189;201;3;3
264;550;Myanmar (Burma);1;2000;69;69;69;3;3
309;663, 664;Sudan;2;2000;2841;2841;3610;3;4
386;829, 830;Algeria;2;2000;947;947;1026;3;4
374;805;Rwanda;2;2000;155;155;294;3;4
395;12300;Tajikistan;2;2000;46;46;46;3;3
338;753;Iran;2;2000;40;40;77;3;2
289;623, 624, 15558;Colombia;2;2000;1879;1865;2253;3;5
288;616;Chad;2;2000;989;989;1041;3;4
333;736;Afghanistan;2;2000;5235;4053;5511;3;3
413;869;Ethiopia;1;2000;25;25;608;3;4
209;411;Philippines;2;2000;140;140;140;3;3
218;422;India, Pakistan;1;2000;225;221;263;2;3
221;428, 429;Myanmar (Burma);1;2000;114;112;114;3;3
234;476, 479;Israel;1;2000;77;74;79;3;2
251;508;India;1;2000;30;18;30;3;3
269;562;Nepal;2;2000;268;259;295;3;3
307;654;Guinea;2;2000;217;182;522;3;4
314;688, 689;Uganda;2;2000;388;388;407;3;4
327;714;Angola;2;2000;1000;404;3796;4;4
329;719;Ethiopia;1;2000;25;0;855;3;4
341;761;Liberia;2;2000;57;57;57;3;4
347;768, 769;India;1;2000;60;60;64;3;3
352;776;Sri Lanka;1;2000;2525;2525;4155;3;3
354;781;Turkey;1;2000;176;176;180;3;2
364;792;India;1;2000;2356;2330;2422;3;3
365;793;India;1;2000;87;76;87;3;3
366;794;Indonesia;1;2000;286;242;332;3;3
375;806;Senegal;1;2000;47;47;52;3;4
382;818, 821;Sierra Leone;2;2000;382;382;642;4;4
401;852;Russia (Soviet Union);1;2000;2907;2907;5329;3;1
409;865;Eritrea, Ethiopia;1;2000;50000;50000;50000;2;4
415;871;Uzbekistan;2;2000;471;410;482;4;3
426;891;Israel;1;2000;27;27;27;3;2
283;586;DR Congo (Zaire);2;2001;454;454;734;4;4
11475;11018;Myanmar (Burma);1;2001;62;62;62;3;3
13692;11199;Afghanistan, United Kingdom, United States of America;2;2001;1397;1388;2075;2;1, 3, 5
308;657, 658, 659;Philippines;1;2001;859;578;921;3;3
335;740;India;1;2001;32;32;32;3;3
287;596, 597;Burundi;2;2001;1246;1211;2598;3;4
227;451, 452;India;2;2001;173;158;173;3;3
264;550;Myanmar (Burma);1;2001;117;117;117;3;3
309;663, 664;Sudan;2;2001;3408;3408;3658;3;4
386;829, 830;Algeria;2;2001;642;642;866;3;4
374;12102;Rwanda;2;2001;2044;349;2074;3;4
416;873;Central African Republic;2;2001;195;195;295;4;4
338;753;Iran;2;2001;119;119;149;3;2
421;885;India;1;2001;77;77;77;3;3
289;623, 624;Colombia;2;2001;1864;1859;1983;3;5
288;616;Chad;2;2001;226;226;326;3;4
333;736;Afghanistan;2;2001;2328;2217;7657;4;3
413;869;Ethiopia;1;2001;25;10;876;3;4
209;411;Philippines;2;2001;142;138;287;3;3
218;422;India, Pakistan;1;2001;48;48;86;2;3
221;428;Myanmar (Burma);1;2001;36;36;36;3;3
234;474, 476, 477, 478, 479;Israel;1;2001;244;238;261;3;2
269;562;Nepal;2;2001;429;380;479;3;3
307;654;Guinea;2;2001;432;432;778;3;4
314;688, 689;Uganda;2;2001;189;189;237;3;4
327;714;Angola;2;2001;1123;1123;2447;4;4
329;719;Ethiopia;1;2001;25;25;117;3;4
337;748;Somalia;2;2001;228;223;268;3;4
341;761;Liberia;2;2001;341;341;341;3;4
352;776;Sri Lanka;1;2001;1144;1144;1145;3;3
354;781;Turkey;1;2001;132;132;147;3;2
364;792;India;1;2001;893;817;3644;3;3
365;793;India;1;2001;113;113;124;3;3
366;794;Indonesia;1;2001;278;254;306;3;3
375;806;Senegal;1;2001;33;33;223;3;4
382;818;Sierra Leone;2;2001;48;48;92;3;4
401;852;Russia (Soviet Union);1;2001;791;790;1032;3;1
417;877;North Macedonia;2;2001;72;72;233;3;1
418;878;United States of America;2;2001;1583;1538;2032;4;5
419;879, 880;Ivory Coast;2;2002;661;565;661;3;4
308;657, 658;Philippines;1;2002;382;382;416;3;3
335;740;India;1;2002;40;40;40;3;3
287;596, 597;Burundi;2;2002;1293;940;1680;3;4
227;451, 452;India;2;2002;179;178;189;3;3
264;550;Myanmar (Burma);1;2002;184;183;250;3;3
309;663;Sudan;2;2002;2021;2021;3024;3;4
386;829, 830;Algeria;2;2002;539;539;540;3;4
374;12102;Rwanda;2;2002;83;63;83;3;4
416;874;Central African Republic;2;2002;131;129;184;3;4
421;885;India;1;2002;44;44;44;3;3
289;623, 624, 15558;Colombia;2;2002;3387;3330;3924;3;5
288;616;Chad;2;2002;294;294;350;3;4
387;831, 832;Angola;1;2002;56;32;435;3;4
333;726;Afghanistan;2;2002;30;30;30;3;3
413;869;Ethiopia;1;2002;25;25;1434;3;4
209;411;Philippines;2;2002;280;280;291;3;3
218;422;India, Pakistan;1;2002;212;212;233;2;3
221;428;Myanmar (Burma);1;2002;110;108;121;3;3
234;476, 477, 478, 479, 480;Israel;1;2002;613;606;669;3;2
269;562;Nepal;2;2002;3946;2773;4105;3;3
314;688, 689;Uganda;2;2002;1086;1086;1881;3;4
327;714;Angola;2;2002;465;461;465;4;4
329;719;Ethiopia;1;2002;25;25;637;3;4
337;748;Somalia;2;2002;114;113;207;3;4
341;761;Liberia;2;2002;492;391;517;3;4
354;781;Turkey;1;2002;54;54;73;3;2
364;792;India;1;2002;1499;1499;1499;3;3
365;793;India;1;2002;59;59;59;3;3
366;794;Indonesia;1;2002;466;429;571;3;3
401;852;Russia (Soviet Union);1;2002;1289;1131;3196;3;1
408;864;Congo;2;2002;167;167;171;4;4
418;878;United States of America;2;2002;880;866;1300;4;5
419;880, 881;Ivory Coast;2;2003;140;140;520;3;4
308;657, 658;Philippines;1;2003;820;695;1036;3;3
335;740;India;1;2003;32;32;32;3;3
287;596, 597;Burundi;2;2003;912;885;1424;3;4
227;451, 452;India;2;2003;99;99;104;3;3
309;663, 665, 666;Sudan;2;2003;1999;1899;2856;4;4
386;829, 830;Algeria;2;2003;670;670;686;3;4
421;885;India;1;2003;109;109;122;3;3
289;623, 624;Colombia;2;2003;2086;2059;2114;3;5
288;616;Chad;2;2003;37;37;189;3;4
387;832;Angola;1;2003;25;22;146;3;4
333;726, 735;Afghanistan;2;2003;660;646;984;4;3
413;869;Ethiopia;1;2003;25;25;76;3;4
209;411;Philippines;2;2003;231;227;236;3;3
218;422;India, Pakistan;1;2003;237;237;276;2;3
221;428;Myanmar (Burma);1;2003;38;38;44;3;3
234;477, 478, 480;Israel;1;2003;308;308;327;3;2
269;562;Nepal;2;2003;1341;1275;1405;3;3
314;688;Uganda;2;2003;642;641;1100;3;4
326;712;Eritrea;2;2003;57;57;57;3;4
329;719;Ethiopia;1;2003;25;25;260;3;4
341;761, 762;Liberia;2;2003;1787;1787;1887;3;4
347;769;India;1;2003;27;27;27;3;3
352;776;Sri Lanka;1;2003;29;17;46;3;3
354;781;Turkey;1;2003;82;82;85;3;2
364;792;India;1;2003;1328;1307;1463;3;3
365;793;India;1;2003;43;43;58;3;3
366;794;Indonesia;1;2003;868;839;1365;3;3
375;806;Senegal;1;2003;39;38;39;3;4
401;852;Russia (Soviet Union);1;2003;480;476;626;3;1
418;878;United States of America;2;2003;65;65;91;4;5
420;883;Australia, Iraq, United Kingdom, United States of America;2;2003;7927;7927;13814;2;1, 2, 3, 5
423;888;Thailand;1;2003;26;26;27;3;3
419;882;Ivory Coast;2;2004;47;47;48;3;4
308;657, 658;Philippines;1;2004;69;66;99;3;3
335;11299;India;1;2004;26;26;26;3;3
325;709;Pakistan;1;2004;43;43;58;3;3
287;596;Burundi;2;2004;433;411;471;3;4
227;451, 452;India;2;2004;71;71;71;3;3
309;663, 665, 666;Sudan;2;2004;3278;3277;4588;3;4
386;830;Algeria;2;2004;451;451;467;4;4
259;523, 524, 13891;Iraq;2;2004;4094;4081;6142;4;2
421;885;India;1;2004;27;27;27;3;3
289;623, 624, 15558;Colombia;2;2004;1360;1327;1406;3;5
387;832;Angola;1;2004;25;8;54;3;4
333;735;Afghanistan;2;2004;711;669;1245;4;3
413;869;Ethiopia;1;2004;25;0;167;3;4
381;816, 817;Haiti;2;2004;207;130;516;3;5
209;411;Philippines;2;2004;270;264;344;3;3
221;428;Myanmar (Burma);1;2004;27;25;28;3;3
234;477, 478, 480;Israel;1;2004;386;372;435;3;2
269;562;Nepal;2;2004;1880;1848;2040;3;3
314;688;Uganda;2;2004;1610;1609;2215;3;4
329;719;Ethiopia;1;2004;25;25;525;3;4
347;768, 769;India;1;2004;60;60;60;3;3
354;781;Turkey;1;2004;195;195;333;3;2
364;792;India;1;2004;1413;1227;1295;3;3
365;793;India;1;2004;70;69;74;3;3
366;794;Indonesia;1;2004;935;932;1075;3;3
393;840;Georgia;1;2004;27;27;73;3;1
401;852;Russia (Soviet Union);1;2004;1151;1134;1307;3;1
415;872;Uzbekistan;2;2004;37;19;50;3;3
418;878;United States of America;2;2004;378;378;952;4;5
423;888;Thailand;1;2004;164;162;170;3;3
424;889;Nigeria;1;2004;84;84;91;3;4
425;890;Nigeria;1;2004;67;67;137;3;4
283;16286;DR Congo (Zaire);2;2005;34;34;34;3;4
383;823;Turkey;2;2005;30;30;30;3;2
11350;10985, 11991;Bangladesh;2;2005;62;61;68;3;3
11475;11018;Myanmar (Burma);1;2005;38;23;38;3;3
308;657, 658, 659;Philippines;1;2005;236;233;287;3;3
287;596;Burundi;2;2005;298;298;380;3;4
227;453;India;2;2005;199;199;241;3;3
264;550;Myanmar (Burma);1;2005;27;27;28;3;3
309;666;Sudan;2;2005;161;161;191;3;4
386;830;Algeria;2;2005;229;228;262;3;4
338;754;Iran;2;2005;28;28;37;3;2
259;523, 524, 525;Iraq;2;2005;2608;2542;3563;4;2
289;623, 624;Colombia;2;2005;1561;1533;1613;3;5
288;617;Chad;2;2005;100;100;356;3;4
333;735;Afghanistan;2;2005;1628;1424;1992;4;3
413;869;Ethiopia;1;2005;25;0;75;3;4
209;411;Philippines;2;2005;234;222;243;3;3
221;428;Myanmar (Burma);1;2005;42;38;46;3;3
234;476, 477, 478;Israel;1;2005;123;117;136;3;2
253;511;Myanmar (Burma);1;2005;35;35;35;3;3
269;562;Nepal;2;2005;1104;1100;1169;3;3
314;688;Uganda;2;2005;695;695;814;4;4
329;719;Ethiopia;1;2005;58;58;695;3;4
347;769;India;1;2005;47;47;53;3;3
352;776;Sri Lanka;1;2005;88;88;90;3;3
354;781;Turkey;1;2005;263;258;294;3;2
364;792;India;1;2005;1058;1055;1139;3;3
365;793;India;1;2005;78;77;78;3;3
366;794;Indonesia;1;2005;213;213;215;3;3
388;833;Azerbaijan;1;2005;25;25;26;4;1
401;852;Russia (Soviet Union);1;2005;682;650;735;3;1
418;878;United States of America;2;2005;108;107;289;4;5
423;888;Thailand;1;2005;205;202;212;3;3
283;588;DR Congo (Zaire);2;2006;182;54;362;3;4
11350;11991;Bangladesh;2;2006;57;57;58;3;3
11475;11018;Myanmar (Burma);1;2006;92;92;97;3;3
308;658;Philippines;1;2006;50;50;116;3;3
325;709, 710;Pakistan;1;2006;200;200;209;3;3
287;596;Burundi;2;2006;141;141;141;3;4
227;453;India;2;2006;546;489;608;3;3
264;550;Myanmar (Burma);1;2006;48;38;49;3;3
309;666, 667, 668;Sudan;2;2006;1002;1002;2719;3;4
386;830;Algeria;2;2006;255;255;286;3;4
416;875;Central African Republic;2;2006;46;44;168;4;4
338;754, 755;Iran;2;2006;57;52;123;3;2
259;523, 524, 525;Iraq;2;2006;3923;3192;4123;4;2
289;623, 624;Colombia;2;2006;503;503;515;3;5
288;617, 618, 619;Chad;2;2006;1250;1250;2623;3;4
333;726, 735;Afghanistan;2;2006;4734;4665;5543;4;3
413;869;Ethiopia;1;2006;25;0;202;3;4
209;411;Philippines;2;2006;310;310;1018;3;3
221;428;Myanmar (Burma);1;2006;104;79;105;3;3
234;476, 477, 478, 481;Israel;1;2006;407;372;473;3;2
269;562;Nepal;2;2006;457;452;477;3;3
314;688;Uganda;2;2006;221;221;318;3;4
329;719;Ethiopia;1;2006;25;0;818;3;4
337;749;Somalia;2;2006;547;463;1293;4;4
347;768, 769;India;1;2006;73;69;75;3;3
352;776;Sri Lanka;1;2006;1970;1970;2845;3;3
354;781;Turkey;1;2006;225;225;276;3;2
364;792;India;1;2006;705;698;728;3;3
365;793;India;1;2006;49;49;50;3;3
401;852;Russia (Soviet Union);1;2006;259;259;357;3;1
418;878;United States of America;2;2006;246;246;382;4;5
423;888;Thailand;1;2006;212;212;217;3;3
426;891;Israel;1;2006;1242;1230;1406;3;2
372;802;Mali;1;2007;39;39;39;3;4
283;588;DR Congo (Zaire);2;2007;516;516;553;3;4
404;857;Pakistan;2;2007;585;585;727;3;3
11475;11018;Myanmar (Burma);1;2007;215;215;215;3;3
308;657, 658, 660;Philippines;1;2007;307;307;326;3;3
325;709;Pakistan;1;2007;83;82;331;3;3
227;453;India;2;2007;377;373;404;3;3
264;550;Myanmar (Burma);1;2007;29;29;29;3;3
309;665, 669;Sudan;2;2007;217;201;222;3;4
386;830;Algeria;2;2007;472;471;518;3;4
338;754, 755;Iran;2;2007;86;61;200;3;2
259;523, 524, 525, 13891;Iraq;2;2007;2212;2040;2481;4;2
430;897;Niger;2;2007;81;81;97;3;4
289;623;Colombia;2;2007;318;318;325;3;5
288;619;Chad;2;2007;69;69;380;3;4
387;832;Angola;1;2007;25;0;110;3;4
333;735;Afghanistan;2;2007;6848;6303;8386;4;3
413;869;Ethiopia;1;2007;25;0;361;3;4
209;411;Philippines;2;2007;132;132;1077;3;3
221;428;Myanmar (Burma);1;2007;104;104;106;3;3
234;476, 477, 478;Israel;1;2007;276;275;305;3;2
292;631;Peru;2;2007;32;32;32;3;5
314;689;Uganda;2;2007;91;91;147;3;4
329;719;Ethiopia;1;2007;152;152;737;3;4
337;749;Somalia;2;2007;1546;1528;2046;4;4
347;769;India;1;2007;45;45;73;3;3
352;776;Sri Lanka;1;2007;2494;2391;3070;3;3
354;781;Turkey;1;2007;499;499;521;3;2
364;792;India;1;2007;550;540;562;3;3
365;793;India;1;2007;114;114;120;3;3
401;852;Russia (Soviet Union);1;2007;146;146;217;3;1
418;878;United States of America;2;2007;186;149;225;4;5
423;888;Thailand;1;2007;197;197;206;3;3
429;894;DR Congo (Zaire);1;2007;116;116;116;3;4
432;899;Russia (Soviet Union);1;2007;30;30;56;3;1
372;802;Mali;1;2008;112;112;127;3;4
283;588;DR Congo (Zaire);2;2008;486;486;486;3;4
404;857;Pakistan;2;2008;2998;2980;3699;3;3
308;657;Philippines;1;2008;297;297;546;3;3
325;709, 711;Pakistan;1;2008;197;186;233;3;3
287;596;Burundi;2;2008;226;226;233;3;4
227;453;India;2;2008;384;376;437;3;3
264;550;Myanmar (Burma);1;2008;31;31;31;3;3
309;665, 666, 669;Sudan;2;2008;598;598;1476;3;4
386;830;Algeria;2;2008;339;339;410;3;4
11349;11990;China;1;2008;36;36;39;3;3
338;754, 755;Iran;2;2008;121;121;265;3;2
259;524, 13891;Iraq;2;2008;2112;2098;2539;4;2
430;897;Niger;2;2008;47;47;104;3;4
289;623, 624;Colombia;2;2008;282;273;291;3;5
288;620;Chad;2;2008;991;991;1361;3;4
333;726, 735;Afghanistan;2;2008;5655;5204;7189;4;3
413;869;Ethiopia;1;2008;25;25;175;3;4
209;411;Philippines;2;2008;184;184;217;3;3
221;428;Myanmar (Burma);1;2008;33;33;36;3;3
234;477, 478;Israel;1;2008;668;580;715;3;2
292;631;Peru;2;2008;40;40;40;3;5
314;688;Uganda;2;2008;53;53;66;4;4
329;719;Ethiopia;1;2008;25;25;416;3;4
337;749, 750;Somalia;2;2008;1491;1433;2075;4;4
347;770, 771;India;1;2008;99;99;100;3;3
352;776;Sri Lanka;1;2008;8262;8262;9917;3;3
354;781;Turkey;1;2008;588;550;974;3;2
364;792;India;1;2008;500;482;525;3;3
365;793;India;1;2008;75;75;78;3;3
388;833;Azerbaijan;1;2008;30;30;43;4;1
393;840;Georgia;1;2008;621;621;859;4;1
418;878;United States of America;2;2008;291;285;377;4;5
423;888;Thailand;1;2008;130;130;133;3;3
429;894;DR Congo (Zaire);1;2008;250;250;293;3;4
432;899;Russia (Soviet Union);1;2008;404;279;453;3;1
434;901;India;1;2008;25;25;25;3;3
435;902;Djibouti, Eritrea;1;2008;35;35;44;2;4
372;802;Mali;1;2009;39;39;39;3;4
230;459;Yemen (North Yemen);2;2009;94;94;103;4;2
404;857, 11336;Pakistan;2;2009;6303;4774;6721;3;3
308;657, 658;Philippines;1;2009;517;501;548;3;3
325;709, 711;Pakistan;1;2009;81;81;102;3;3
227;453;India;2;2009;522;513;654;3;3
264;550;Myanmar (Burma);1;2009;52;52;60;3;3
309;665, 666;Sudan;2;2009;353;353;370;3;4
386;830;Algeria;2;2009;505;493;674;3;4
11347;12575;Mali;2;2009;87;54;93;3;4
374;12102;Rwanda;2;2009;1807;1703;2060;4;4
416;876;Central African Republic;2;2009;28;28;71;3;4
338;754, 755;Iran;2;2009;133;121;148;3;2
259;524;Iraq;2;2009;1036;910;1058;4;2
421;886;India;1;2009;73;69;78;3;3
289;623;Colombia;2;2009;379;379;423;3;5
288;621;Chad;2;2009;131;131;324;3;4
387;832;Angola;1;2009;25;1;66;3;4
333;726, 735;Afghanistan;2;2009;6390;5659;8063;4;3
413;869;Ethiopia;1;2009;42;42;97;3;4
209;411;Philippines;2;2009;377;377;400;3;3
221;428;Myanmar (Burma);1;2009;63;43;79;3;3
234;477, 478;Israel;1;2009;696;598;867;3;2
292;631;Peru;2;2009;50;50;80;3;5
297;640;Nigeria;2;2009;405;402;835;3;4
314;688;Uganda;2;2009;238;238;263;4;4
329;719;Ethiopia;1;2009;473;473;995;3;4
337;750, 752;Somalia;2;2009;1467;1263;1751;4;4
347;769, 770, 771;India;1;2009;96;59;114;3;3
352;776;Sri Lanka;1;2009;10165;10136;13702;3;3
354;781;Turkey;1;2009;147;142;162;3;2
364;792;India;1;2009;361;358;393;3;3
365;793;India;1;2009;63;61;65;3;3
418;878;United States of America;2;2009;493;416;683;4;5
423;888;Thailand;1;2009;138;135;138;3;3
432;899;Russia (Soviet Union);1;2009;697;553;780;3;1
439;906;Myanmar (Burma);1;2009;80;80;270;3;3
230;459;Yemen (North Yemen);2;2010;175;149;244;4;2
404;857, 11336;Pakistan;2;2010;5574;5322;6409;3;3
308;658;Philippines;1;2010;74;74;85;3;3
227;453;India;2;2010;569;556;664;3;3
264;550;Myanmar (Burma);1;2010;36;36;36;3;3
309;665, 666, 670;Sudan;2;2010;1010;1010;1888;3;4
386;830;Algeria;2;2010;236;236;276;3;4
374;12102;Rwanda;2;2010;208;207;219;4;4
395;908, 12300;Tajikistan;2;2010;98;93;244;3;3
416;876;Central African Republic;2;2010;25;25;105;3;4
338;755;Iran;2;2010;74;74;74;3;2
259;524;Iraq;2;2010;989;810;1040;4;2
421;886;India;1;2010;57;57;86;3;3
289;623, 624;Colombia;2;2010;419;419;425;3;5
288;622;Chad;2;2010;42;42;83;3;4
333;726, 735;Afghanistan;2;2010;7038;6865;8465;4;3
413;869;Ethiopia;1;2010;25;25;128;3;4
209;411;Philippines;2;2010;258;258;352;3;3
221;428, 430;Myanmar (Burma);1;2010;121;106;125;3;3
234;478;Israel;1;2010;27;27;27;3;2
292;631;Peru;2;2010;28;28;28;3;5
314;688, 689;Uganda;2;2010;120;120;138;4;4
329;719;Ethiopia;1;2010;126;123;1860;3;4
337;750, 752;Somalia;2;2010;2150;1915;2355;4;4
354;781;Turkey;1;2010;355;346;413;3;2
364;792;India;1;2010;370;365;437;3;3
365;793;India;1;2010;32;32;33;3;3
418;878;United States of America;2;2010;329;288;877;4;5
423;888;Thailand;1;2010;76;74;79;3;3
432;899;Russia (Soviet Union);1;2010;418;409;634;3;1
442;909;Mauritania;2;2010;29;27;41;4;4
283;11377;DR Congo (Zaire);2;2011;82;82;82;3;4
419;882, 10842;Ivory Coast;2;2011;98;90;179;3;4
230;459;Yemen (North Yemen);2;2011;1143;1116;1204;4;2
11346;10885, 11980;Libya;2;2011;3762;3722;6285;4;4
404;857;Pakistan;2;2011;2598;2561;2909;3;3
308;657, 658;Philippines;1;2011;146;146;171;3;3
325;709;Pakistan;1;2011;42;42;123;3;3
11345;11978, 11979;South Sudan;2;2011;216;216;326;3;4
227;453;India;2;2011;299;299;348;3;3
264;550, 11972;Myanmar (Burma);1;2011;170;169;172;3;3
299;11973;Syria;2;2011;1203;1121;1451;3;2
309;665, 666, 670, 11975, 11976, 11988;Sudan;2;2011;1259;1235;2077;4;4
11344;11977;Sudan;1;2011;145;145;145;3;4
386;830;Algeria;2;2011;267;259;273;3;4
374;12102;Rwanda;2;2011;116;101;118;4;4
395;908;Tajikistan;2;2011;28;21;30;3;3
416;876;Central African Republic;2;2011;44;44;79;3;4
338;754;Iran;2;2011;242;235;246;3;2
259;523, 524;Iraq;2;2011;864;737;959;4;2
289;623;Colombia;2;2011;202;202;208;3;5
333;726, 735;Afghanistan;2;2011;7423;7279;8290;4;3
413;869;Ethiopia;1;2011;25;0;174;3;4
209;411;Philippines;2;2011;204;204;210;3;3
221;428, 430;Myanmar (Burma);1;2011;334;318;1467;3;3
231;461;Myanmar (Burma);1;2011;209;208;574;3;3
234;477, 478;Israel;1;2011;78;78;78;3;2
294;634;Cambodia (Kampuchea), Thailand;1;2011;29;29;36;2;3
297;640;Nigeria;2;2011;325;267;547;3;4
314;688, 689;Uganda;2;2011;136;136;146;4;4
329;719;Ethiopia;1;2011;25;25;379;3;4
337;750;Somalia;2;2011;1938;1559;2259;4;4
354;781;Turkey;1;2011;558;557;760;3;2
364;792;India;1;2011;140;140;147;3;3
375;806;Senegal;1;2011;25;25;43;3;4
418;878;United States of America;2;2011;203;203;513;4;5
423;888;Thailand;1;2011;143;143;149;3;3
432;899;Russia (Soviet Union);1;2011;359;358;518;3;1
372;11985;Mali;1;2012;131;126;309;3;4
283;11377, 11982, 14808;DR Congo (Zaire);2;2012;734;678;851;4;4
230;459;Yemen (North Yemen);2;2012;2366;2360;2451;4;2
404;857, 11336, 11497;Pakistan;2;2012;2673;2673;2742;3;3
308;658, 11246;Philippines;1;2012;113;107;138;3;3
325;708, 709, 711;Pakistan;1;2012;118;118;362;3;3
11345;11979;South Sudan;2;2012;137;137;137;3;4
227;453;India;2;2012;245;237;278;3;3
11342;11971;India;1;2012;27;23;27;3;3
299;11973;Syria;2;2012;50444;48720;55486;3;2
309;11988;Sudan;2;2012;1173;1123;1803;3;4
386;830, 11984;Algeria;2;2012;256;250;310;3;4
11347;11986, 11987;Mali;2;2012;87;83;270;3;4
11348;11989;South Sudan, Sudan;1;2012;367;367;1099;2;4
374;12102;Rwanda;2;2012;83;59;99;4;4
416;875;Central African Republic;2;2012;45;45;45;4;4
13042;13821;Syria;1;2012;46;39;51;3;2
259;524;Iraq;2;2012;565;487;598;3;2
289;623;Colombia;2;2012;211;211;310;3;5
333;735;Afghanistan;2;2012;7730;7558;8541;4;3
413;869;Ethiopia;1;2012;25;25;162;3;4
209;411;Philippines;2;2012;182;181;193;3;3
231;461;Myanmar (Burma);1;2012;702;676;2198;3;3
234;477, 478;Israel;1;2012;235;235;244;3;2
297;640;Nigeria;2;2012;811;811;1155;4;4
329;719;Ethiopia;1;2012;25;25;406;3;4
337;750;Somalia;2;2012;2646;2470;2945;4;4
354;781;Turkey;1;2012;853;853;866;3;2
364;792;India;1;2012;144;143;147;3;3
388;833;Azerbaijan;1;2012;25;25;27;4;1
418;878;United States of America;2;2012;225;223;313;4;5
423;888;Thailand;1;2012;131;131;132;3;3
432;899;Russia (Soviet Union);1;2012;516;514;723;3;1
283;10509, 11982, 12463;DR Congo (Zaire);2;2013;1380;1360;1390;4;4
230;459;Yemen (North Yemen);2;2013;578;572;646;4;2
343;10882;Tunisia;2;2013;29;29;30;3;4
11346;15539;Libya;2;2013;31;17;61;3;4
404;857, 11336;Pakistan;2;2013;1729;1729;1758;3;3
222;14273;Myanmar (Burma);2;2013;29;29;30;3;3
308;658, 659, 11246;Philippines;1;2013;349;349;414;3;3
325;709;Pakistan;1;2013;45;45;45;3;3
11345;11805, 12413;South Sudan;2;2013;926;926;2318;3;4
227;453;India;2;2013;215;209;236;3;3
264;550, 11972;Myanmar (Burma);1;2013;83;80;85;3;3
299;11973;Syria;2;2013;70516;67124;75094;3;2
309;11988;Sudan;2;2013;594;528;3784;3;4
386;830;Algeria;2;2013;147;147;165;3;4
11347;11986, 12571, 12575, 12578;Mali;2;2013;836;836;1004;4;4
265;12009;DR Congo (Zaire);1;2013;94;90;115;4;4
11487;12139;Malaysia;1;2013;70;68;122;3;3
416;875, 12380;Central African Republic;2;2013;376;352;488;4;4
13042;13821;Syria;1;2013;78;73;82;3;2
259;524;Iraq;2;2013;1870;1723;1925;3;2
421;14102;India;1;2013;28;26;28;3;3
13604;14620;Syria;1;2013;1422;1404;1642;3;2
332;722;Mozambique;2;2013;42;29;112;3;4
289;623, 624;Colombia;2;2013;140;140;183;3;5
333;726, 735;Afghanistan;2;2013;8048;7612;10172;4;3
413;869;Ethiopia;1;2013;25;25;93;3;4
209;411;Philippines;2;2013;165;165;170;3;3
218;422;India, Pakistan;1;2013;31;31;33;2;3
221;430;Myanmar (Burma);1;2013;41;41;41;3;3
231;461;Myanmar (Burma);1;2013;125;117;143;3;3
297;640;Nigeria;2;2013;1629;1474;2081;4;4
314;688, 689;Uganda;2;2013;100;100;118;4;4
329;719;Ethiopia;1;2013;52;52;908;3;4
337;750;Somalia;2;2013;940;760;1769;4;4
354;781;Turkey;1;2013;31;31;35;3;2
364;792;India;1;2013;146;140;147;3;3
418;878;United States of America;2;2013;38;35;145;4;5
423;888;Thailand;1;2013;189;188;192;3;3
432;899;Russia (Soviet Union);1;2013;321;286;535;3;1
372;11985;Mali;1;2014;94;94;102;3;4
283;10509, 11377;DR Congo (Zaire);2;2014;86;63;106;4;4
230;459, 10855;Yemen (North Yemen);2;2014;1826;1793;2213;4;2
343;10882;Tunisia;2;2014;50;50;60;3;4
11346;14059, 14249;Libya;2;2014;274;274;274;3;4
404;857, 10961, 11336, 14227;Pakistan;2;2014;2947;2945;3016;3;3
222;14273;Myanmar (Burma);2;2014;37;37;203;3;3
308;658, 11246;Philippines;1;2014;280;276;288;3;3
325;709, 711;Pakistan;1;2014;90;90;90;3;3
287;14842;Burundi;2;2014;56;56;56;3;4
11345;12413;South Sudan;2;2014;1667;719;2993;4;4
227;453;India;2;2014;198;171;245;3;3
11342;11971;India;1;2014;26;23;32;3;3
299;11973;Syria;2;2014;57957;56562;60197;3;2
309;11988, 14134, 14150;Sudan;2;2014;856;815;3386;3;4
386;830;Algeria;2;2014;107;83;147;3;4
11347;12575, 12582;Mali;2;2014;95;95;129;4;4
265;12009;DR Congo (Zaire);1;2014;60;30;60;4;4
416;12380;Central African Republic;2;2014;136;136;148;4;4
391;12487;Egypt;2;2014;184;184;184;3;2
13042;13821;Syria;1;2014;52;37;61;3;2
259;524;Iraq;2;2014;13797;13035;15073;4;2
13219;14085;Ukraine;2;2014;88;88;107;3;1
421;14102;India;1;2014;39;33;58;3;3
13246;14124;Ukraine;1;2014;2276;2201;2652;4;1
13247;14184;Ukraine;1;2014;1072;1048;1380;4;1
13306;14210;Ukraine;1;2014;1459;1435;1497;4;1
13675;14244;Lebanon;1;2014;126;126;126;3;2
13604;14620;Syria;1;2014;7336;6977;8114;3;2
332;722;Mozambique;2;2014;30;22;35;3;4
289;623;Colombia;2;2014;119;119;119;3;5
333;735;Afghanistan;2;2014;12351;11561;15724;4;3
209;411;Philippines;2;2014;190;187;199;3;3
218;422;India, Pakistan;1;2014;49;46;68;2;3
231;461;Myanmar (Burma);1;2014;83;83;84;3;3
234;477, 478;Israel;1;2014;2378;2366;2381;3;2
297;640;Nigeria;2;2014;4788;4733;5216;4;4
314;688, 689;Uganda;2;2014;864;864;1033;4;4
329;719;Ethiopia;1;2014;25;25;222;3;4
337;750;Somalia;2;2014;1153;905;2303;4;4
364;792;India;1;2014;179;178;228;3;3
388;833;Azerbaijan;1;2014;46;45;54;4;1
418;878;United States of America;2;2014;138;129;253;4;5
423;888;Thailand;1;2014;68;62;72;3;3
432;899;Russia (Soviet Union);1;2014;173;173;301;3;1
439;906;Myanmar (Burma);1;2014;67;7;107;3;3
372;11985;Mali;1;2015;54;53;72;4;4
13646;10589;Kenya;1;2015;42;40;117;3;4
230;459, 10855, 14595;Yemen (North Yemen);2;2015;7518;6988;8607;4;2
343;10882, 14744;Tunisia;2;2015;59;59;61;3;4
11346;14059;Libya;2;2015;156;156;190;3;4
404;857;Pakistan;2;2015;1954;1954;1989;4;3
222;14273;Myanmar (Burma);2;2015;106;106;181;3;3
308;657, 658, 11246;Philippines;1;2015;404;394;565;3;3
325;708, 709, 711;Pakistan;1;2015;107;107;107;3;3
287;14528, 14649, 14842;Burundi;2;2015;185;185;188;3;4
11345;12413;South Sudan;2;2015;493;492;522;4;4
227;453;India;2;2015;146;146;205;3;3
264;11972;Myanmar (Burma);1;2015;77;77;308;3;3
299;11973;Syria;2;2015;39715;38212;41115;4;2
309;11975, 11988, 14150;Sudan;2;2015;1264;1264;2379;3;4
386;830;Algeria;2;2015;84;81;91;3;4
11347;11986, 12575;Mali;2;2015;74;72;109;4;4
15283;12391;Central African Republic;1;2015;27;27;27;4;4
353;12422;Cameroon;2;2015;712;712;712;4;4
13042;13821;Syria;1;2015;84;81;86;3;2
259;524;Iraq;2;2015;10982;10918;12181;4;2
13306;14210, 15100, 15101;Ukraine;1;2015;1890;1738;1947;4;1
13675;14244;Lebanon;1;2015;76;42;135;3;2
13637;14320;Afghanistan;1;2015;679;615;855;4;3
13645;14609;Yemen (North Yemen);1;2015;283;283;288;3;2
13611;14610;Mali;1;2015;44;44;59;3;4
13588;14619;Russia (Soviet Union);1;2015;55;55;57;3;1
13604;14620;Syria;1;2015;10382;9975;10713;4;2
13638;14666;Cameroon;1;2015;283;283;315;4;4
13640;14667;Chad;1;2015;272;271;271;3;4
13639;14668;Niger;1;2015;171;131;338;4;4
13641;14669;Nigeria;1;2015;2063;2060;3097;4;4
13648;14677;Egypt;1;2015;767;753;947;3;2
13653;14685;India;1;2015;161;98;192;3;3
13902;14701;Turkey;1;2015;26;26;27;3;2
13694;14745;Libya;1;2015;118;116;121;3;4
13721;14847;Algeria;1;2015;26;26;26;3;4
289;623, 624;Colombia;2;2015;134;134;140;3;5
333;735;Afghanistan;2;2015;16606;15587;19832;4;3
413;869;Ethiopia;1;2015;25;25;110;3;4
209;411;Philippines;2;2015;168;168;173;3;3
218;422;India, Pakistan;1;2015;63;62;64;2;3
231;461;Myanmar (Burma);1;2015;142;142;224;3;3
297;640;Nigeria;2;2015;2703;2703;3025;4;4
314;689;Uganda;2;2015;197;162;227;4;4
329;719;Ethiopia;1;2015;25;0;138;3;4
337;750;Somalia;2;2015;1206;927;2502;4;4
354;781;Turkey;1;2015;907;902;1402;3;2
364;792;India;1;2015;165;164;170;3;3
388;833;Azerbaijan;1;2015;72;65;121;4;1
418;878;United States of America;2;2015;87;81;138;4;5
423;888;Thailand;1;2015;57;56;57;3;3
432;899;Russia (Soviet Union);1;2015;30;23;33;3;1
439;906;Myanmar (Burma);1;2015;309;307;2448;3;3
283;14929, 16286;DR Congo (Zaire);2;2016;506;308;1822;3;4
383;10516, 15065;Turkey;2;2016;434;434;514;3;2
13646;10589;Kenya;1;2016;49;49;83;3;4
230;459, 14595;Yemen (North Yemen);2;2016;3133;3046;3260;4;2
404;857;Pakistan;2;2016;526;526;534;4;3
308;658, 11246, 14913, 15474;Philippines;1;2016;303;274;349;3;3
223;15069;Myanmar (Burma);1;2016;86;84;129;3;3
325;709, 11521;Pakistan;1;2016;94;94;94;3;3
11345;12413;South Sudan;2;2016;735;734;1155;3;4
227;453;India;2;2016;268;244;323;3;3
299;11973;Syria;2;2016;32595;31440;33741;4;2
309;11975, 11988;Sudan;2;2016;1309;1303;2321;3;4
386;830;Algeria;2;2016;86;82;91;3;4
11347;11986, 12575;Mali;2;2016;97;97;112;4;4
374;12102;Rwanda;2;2016;136;136;136;4;4
353;12422;Cameroon;2;2016;32;32;32;3;4
259;524;Iraq;2;2016;9775;9543;10214;4;2
13306;15100, 15101;Ukraine;1;2016;697;488;766;4;1
13936;14319;Pakistan;1;2016;68;68;68;3;3
13637;14320;Afghanistan;1;2016;2141;2100;2544;4;3
13588;14619;Russia (Soviet Union);1;2016;69;64;85;3;1
13604;14620;Syria;1;2016;10903;10614;11250;4;2
13638;14666;Cameroon;1;2016;189;189;206;3;4
13639;14668;Niger;1;2016;274;274;281;4;4
13641;14669;Nigeria;1;2016;2287;2287;2348;4;4
13648;14677;Egypt;1;2016;355;355;359;3;2
13653;14685;India;1;2016;47;47;69;3;3
13902;14701;Turkey;1;2016;1107;1102;1107;3;2
13674;14718;Bangladesh;1;2016;41;41;41;3;3
13886;14741;Jordan;1;2016;34;34;35;3;2
13694;14745;Libya;1;2016;1678;1607;2720;4;4
14333;14747;Tunisia;1;2016;71;71;72;3;4
13809;14784;Syria;3;2016;152;145;154;3;2
14275;15473;Philippines;1;2016;155;90;177;3;3
332;722;Mozambique;2;2016;55;46;64;3;4
289;624;Colombia;2;2016;30;30;30;3;5
387;15993;Angola;1;2016;25;9;185;3;4
333;735;Afghanistan;2;2016;15775;14403;22162;4;3
413;869;Ethiopia;1;2016;25;5;292;3;4
205;406;Iran;1;2016;30;30;137;3;2
209;411;Philippines;2;2016;92;92;101;3;3
218;422;India, Pakistan;1;2016;100;100;112;2;3
231;461;Myanmar (Burma);1;2016;32;31;47;3;3
297;640;Nigeria;2;2016;164;164;180;4;4
314;689;Uganda;2;2016;152;152;153;4;4
329;719;Ethiopia;1;2016;25;0;50;3;4
337;750;Somalia;2;2016;1933;1207;3127;4;4
354;781;Turkey;1;2016;1066;1066;1082;3;2
364;792;India;1;2016;282;282;297;3;3
388;833;Azerbaijan;1;2016;141;141;263;4;1
408;864;Congo;2;2016;73;73;73;3;4
409;865;Eritrea, Ethiopia;1;2016;25;25;200;2;4
418;878;United States of America;2;2016;117;117;146;4;5
423;888;Thailand;1;2016;50;49;50;3;3
283;11377, 11982, 14929, 15135;DR Congo (Zaire);2;2017;3309;3067;4265;4;4
13646;10589;Kenya;1;2017;85;83;110;3;4
230;459, 14595, 15298;Yemen (North Yemen);2;2017;3164;3014;3603;4;2
11346;14059, 15225, 15333;Libya;2;2017;308;308;337;3;4
404;857;Pakistan;2;2017;506;506;507;4;3
222;14273;Myanmar (Burma);2;2017;46;46;46;3;3
308;658;Philippines;1;2017;84;84;90;4;3
223;15069;Myanmar (Burma);1;2017;393;393;404;3;3
11345;12413;South Sudan;2;2017;484;478;684;3;4
227;453;India;2;2017;245;244;246;3;3
299;11973;Syria;2;2017;12206;11619;12899;4;2
309;666, 11988, 14134;Sudan;2;2017;160;148;360;3;4
386;830;Algeria;2;2017;60;60;73;3;4
11347;12575, 15108;Mali;2;2017;312;303;414;4;4
416;12380;Central African Republic;2;2017;35;35;35;4;4
353;12422;Cameroon;2;2017;63;63;63;3;4
391;14973, 15262;Egypt;2;2017;103;103;160;3;2
259;524;Iraq;2;2017;10012;9763;12173;4;2
13306;15100, 15101;Ukraine;1;2017;447;422;497;4;1
13675;14244;Lebanon;1;2017;70;69;96;3;2
13936;14319;Pakistan;1;2017;80;80;81;3;3
13637;14320;Afghanistan;1;2017;2795;2738;3009;4;3
13645;14609;Yemen (North Yemen);1;2017;26;5;26;3;2
13588;14619;Russia (Soviet Union);1;2017;53;53;76;3;1
13604;14620;Syria;1;2017;11920;11663;13073;4;2
13640;14667;Chad;1;2017;57;57;219;3;4
13639;14668;Niger;1;2017;229;229;236;4;4
13641;14669;Nigeria;1;2017;817;817;1267;4;4
13648;14677;Egypt;1;2017;394;279;514;3;2
13653;14685;India;1;2017;39;39;41;3;3
13902;14701;Turkey;1;2017;750;683;902;3;2
13674;14718;Bangladesh;1;2017;47;47;48;3;3
13694;14745;Libya;1;2017;96;95;121;4;4
14268;14895;Iran;1;2017;27;27;27;3;2
14113;15259;Mali;1;2017;47;47;47;4;4
14275;15473;Philippines;1;2017;1363;1336;1435;3;3
14129;15895;Cameroon;1;2017;35;35;44;3;4
387;15993;Angola;1;2017;25;16;111;3;4
14692;15998;DR Congo (Zaire);1;2017;96;96;96;4;4
333;735;Afghanistan;2;2017;16179;15404;17689;4;3
209;411;Philippines;2;2017;177;177;217;3;3
218;422;India, Pakistan;1;2017;151;151;153;2;3
231;461;Myanmar (Burma);1;2017;43;43;43;3;3
297;640;Nigeria;2;2017;1062;1060;1113;4;4
314;689;Uganda;2;2017;141;141;149;4;4
337;750;Somalia;2;2017;1918;1778;2601;4;4
354;781;Turkey;1;2017;731;731;749;3;2
364;792;India;1;2017;322;322;322;3;3
388;833;Azerbaijan;1;2017;36;36;37;4;1
418;878;United States of America;2;2017;111;100;194;4;5
423;888;Thailand;1;2017;43;43;43;3;3
429;894;DR Congo (Zaire);1;2017;86;86;90;4;4
439;906;Myanmar (Burma);1;2017;35;35;49;3;3
283;11377, 14929, 15336, 15389;DR Congo (Zaire);2;2018;439;439;453;4;4
13646;10589;Kenya;1;2018;69;59;147;3;4
230;459, 14595;Yemen (North Yemen);2;2018;4650;4554;6771;4;2
404;857;Pakistan;2;2018;147;147;155;4;3
222;14273;Myanmar (Burma);2;2018;46;34;77;3;3
308;658, 15475;Philippines;1;2018;83;83;83;3;3
223;11387;Myanmar (Burma);1;2018;27;14;87;3;3
14074;11545;Somalia;1;2018;121;105;172;3;4
11345;12413;South Sudan;2;2018;526;497;727;3;4
227;453;India;2;2018;309;304;321;3;3
299;11973;Syria;2;2018;8690;8247;9169;4;2
309;666;Sudan;2;2018;243;191;500;3;4
386;830;Algeria;2;2018;33;33;37;3;4
11347;15108;Mali;2;2018;402;375;435;4;4
416;12380, 15593;Central African Republic;2;2018;103;100;116;4;4
391;14973;Egypt;2;2018;28;28;28;3;2
338;754;Iran;2;2018;28;27;37;3;2
259;524;Iraq;2;2018;866;855;899;4;2
13306;15100, 15101;Ukraine;1;2018;243;168;257;4;1
13936;14319;Pakistan;1;2018;51;51;51;3;3
13637;14320;Afghanistan;1;2018;2842;2770;5149;4;3
13588;14619;Russia (Soviet Union);1;2018;30;30;30;3;1
13604;14620;Syria;1;2018;4347;4340;4461;4;2
13640;14667;Chad;1;2018;108;108;109;3;4
13639;14668;Niger;1;2018;74;71;113;4;4
13641;14669;Nigeria;1;2018;836;693;1158;4;4
13648;14677;Egypt;1;2018;652;502;654;3;2
13653;14685;India;1;2018;27;26;28;3;3
13694;14745;Libya;1;2018;44;44;45;4;4
13809;14784;Syria;3;2018;35;35;87;3;2
360;15175;Burkina Faso;2;2018;79;70;103;4;4
14113;15259;Mali;1;2018;119;114;155;4;4
14275;15473;Philippines;1;2018;193;159;198;3;3
332;15516;Mozambique;2;2018;51;45;53;3;4
289;624, 17247;Colombia;2;2018;131;131;131;3;5
14609;15633;Iran, Israel;2;2018;111;111;127;2;2
16292;15661;Tajikistan;1;2018;52;52;63;3;3
288;15676;Chad;2;2018;42;42;89;3;4
14129;15895;Cameroon;1;2018;754;750;1010;3;4
14692;15998;DR Congo (Zaire);1;2018;378;275;389;4;4
333;735;Afghanistan;2;2018;22837;21486;24818;4;3
205;406;Iran;1;2018;44;33;78;3;2
209;411;Philippines;2;2018;144;103;149;3;3
218;422;India, Pakistan;1;2018;129;126;169;2;3
231;461;Myanmar (Burma);1;2018;26;21;52;3;3
234;477;Israel;1;2018;53;53;62;3;2
291;628;Indonesia;1;2018;28;25;45;3;3
297;640;Nigeria;2;2018;335;322;455;4;4
337;750;Somalia;2;2018;2083;1814;2954;4;4
354;781;Turkey;1;2018;921;913;938;3;2
364;792;India;1;2018;386;386;390;3;3
423;888;Thailand;1;2018;36;27;36;3;3
283;11377, 15336, 15389;DR Congo (Zaire);2;2019;179;179;181;4;4
13646;10589;Kenya;1;2019;61;60;94;4;4
230;14595;Yemen (North Yemen);2;2019;2634;2106;3577;4;2
11346;14059;Libya;2;2019;1588;1381;1664;4;4
404;857;Pakistan;2;2019;148;148;153;3;3
222;14273;Myanmar (Burma);2;2019;49;36;91;3;3
308;658;Philippines;1;2019;35;35;35;3;3
223;11387;Myanmar (Burma);1;2019;480;365;1013;3;3
325;16177;Pakistan;1;2019;37;37;37;3;3
287;14842;Burundi;2;2019;61;60;96;4;4
11345;15195;South Sudan;2;2019;110;102;188;3;4
227;453;India;2;2019;216;216;217;3;3
299;11973;Syria;2;2019;6856;6709;7176;4;2
11347;15108;Mali;2;2019;422;421;566;4;4
374;12102, 15547, 16081;Rwanda;2;2019;226;226;305;4;4
416;15593;Central African Republic;2;2019;51;48;53;4;4
391;14973;Egypt;2;2019;48;42;54;3;2
338;12556;Iran;2;2019;31;31;46;3;2
259;524;Iraq;2;2019;498;497;520;4;2
13306;15100, 15101;Ukraine;1;2019;311;259;311;4;1
13936;14319;Pakistan;1;2019;29;29;29;3;3
13637;14320;Afghanistan;1;2019;1075;1045;1435;4;3
13588;14619;Russia (Soviet Union);1;2019;26;26;27;3;1
13604;14620;Syria;1;2019;523;522;636;4;2
13638;14666;Cameroon;1;2019;135;129;153;4;4
13640;14667;Chad;1;2019;144;144;166;3;4
13639;14668;Niger;1;2019;283;280;322;4;4
13641;14669;Nigeria;1;2019;1013;857;1597;4;4
13648;14677;Egypt;1;2019;589;217;598;3;2
13694;14745;Libya;1;2019;43;43;43;4;4
13840;14953;Burkina Faso;1;2019;78;73;137;4;4
14197;15077;Somalia;1;2019;33;33;36;4;4
360;15175;Burkina Faso;2;2019;271;185;404;4;4
14113;15259;Mali;1;2019;181;174;195;4;4
14275;15473;Philippines;1;2019;136;125;140;3;3
332;15516;Mozambique;2;2019;97;93;99;3;4
289;624, 17247;Colombia;2;2019;117;117;121;3;5
14609;15633;Iran, Israel;2;2019;138;113;153;2;2
16292;15661;Tajikistan;1;2019;49;24;75;3;3
14129;15895;Cameroon;1;2019;558;557;645;3;4
387;15993;Angola;1;2019;25;10;50;3;4
14692;15998;DR Congo (Zaire);1;2019;335;292;348;4;4
14845;16022;Mozambique;1;2019;194;168;218;3;4
14935;16023;Ethiopia;1;2019;27;27;27;3;4
333;735;Afghanistan;2;2019;28828;26972;33288;4;3
413;16240;Ethiopia;1;2019;40;40;43;3;4
209;411;Philippines;2;2019;138;136;177;3;3
218;422;India, Pakistan;1;2019;164;164;175;2;3
231;461;Myanmar (Burma);1;2019;29;29;30;3;3
234;478;Israel;1;2019;50;50;51;3;2
291;628;Indonesia;1;2019;34;21;42;3;3
297;640;Nigeria;2;2019;328;320;384;4;4
337;750;Somalia;2;2019;1910;1660;2395;4;4
354;781;Turkey;1;2019;590;590;676;3;2
364;792;India;1;2019;267;266;276;3;3
418;878;United States of America;2;2019;37;34;56;4;5
423;888;Thailand;1;2019;55;54;55;3;3
283;10509, 11377, 15389;DR Congo (Zaire);2;2020;224;214;247;4;4
13646;10589;Kenya;1;2020;94;94;142;4;4
230;14595;Yemen (North Yemen);2;2020;6260;3760;16216;4;2
11346;14059;Libya;2;2020;668;564;784;4;4
404;857;Pakistan;2;2020;186;186;186;3;3
308;658;Philippines;1;2020;108;108;109;3;3
223;11387;Myanmar (Burma);1;2020;170;161;208;3;3
325;16177;Pakistan;1;2020;120;77;121;3;3
287;11798, 14842;Burundi;2;2020;139;135;201;4;4
11345;15195;South Sudan;2;2020;58;49;135;3;4
227;453;India;2;2020;153;152;175;3;3
299;11973;Syria;2;2020;3513;3435;3718;4;2
309;666;Sudan;2;2020;45;45;48;3;4
386;830;Algeria;2;2020;26;26;26;3;4
11347;15108;Mali;2;2020;520;498;650;4;4
265;12009;DR Congo (Zaire);1;2020;54;41;77;4;4
374;12102, 15547, 16081;Rwanda;2;2020;134;133;137;4;4
267;555;Ethiopia;2;2020;20888;20874;21219;4;4
416;15593, 16562;Central African Republic;2;2020;57;57;67;4;4
353;12422;Cameroon;2;2020;28;28;34;3;4
338;754;Iran;2;2020;35;27;44;3;2
259;524;Iraq;2;2020;674;641;714;4;2
13306;15100, 15101;Ukraine;1;2020;196;113;257;4;1
13637;14320;Afghanistan;1;2020;316;279;356;4;3
13645;14609;Yemen (North Yemen);1;2020;33;11;62;3;2
13588;14619;Russia (Soviet Union);1;2020;30;24;31;3;1
13604;14620;Syria;1;2020;1076;771;1377;4;2
13640;14667;Chad;1;2020;143;143;696;3;4
13639;14668;Niger;1;2020;512;510;550;4;4
13641;14669;Nigeria;1;2020;1559;1297;2469;4;4
13648;14677;Egypt;1;2020;527;206;538;3;2
13840;14953;Burkina Faso;1;2020;160;131;182;4;4
14197;15077;Somalia;1;2020;41;34;46;4;4
360;15175;Burkina Faso;2;2020;352;183;359;4;4
14113;15259;Mali;1;2020;63;58;106;4;4
14275;15473;Philippines;1;2020;75;74;75;3;3
289;17247;Colombia;2;2020;28;28;28;3;5
14609;15633;Iran, Israel;2;2020;461;398;473;2;2
288;15676;Chad;2;2020;53;6;53;3;4
14129;15895;Cameroon;1;2020;401;377;457;3;4
387;15993;Angola;1;2020;25;11;136;3;4
14692;15998;DR Congo (Zaire);1;2020;644;641;702;4;4
14845;16022;Mozambique;1;2020;939;645;1261;3;4
333;735, 16210;Afghanistan;2;2020;20159;18696;21387;4;3
413;16240;Ethiopia;1;2020;28;28;378;3;4
15183;16474;Tanzania;1;2020;25;22;26;3;4
209;411;Philippines;2;2020;165;165;166;3;3
218;422;India, Pakistan;1;2020;162;162;168;2;3
274;569;China, India;1;2020;25;25;26;2;3
291;628;Indonesia;1;2020;31;20;33;3;3
297;640;Nigeria;2;2020;465;406;527;4;4
337;750;Somalia;2;2020;1901;1866;2192;4;4
354;781;Turkey;1;2020;412;409;427;3;2
364;792;India;1;2020;311;311;312;3;3
388;833;Azerbaijan;1;2020;7646;7547;9076;4;1
423;888;Thailand;1;2020;46;37;47;3;3
429;894;DR Congo (Zaire);1;2020;64;60;64;4;4
283;10509, 11377, 11982, 15389, 16286;DR Congo (Zaire);2;2021;401;389;425;4;4
13646;10589;Kenya;1;2021;78;78;184;4;4
230;14595;Yemen (North Yemen);2;2021;23357;22110;33634;4;2
404;857;Pakistan;2;2021;259;257;273;3;3
222;16759;Myanmar (Burma);2;2021;684;595;3291;3;3
325;16177;Pakistan;1;2021;129;109;147;3;3
287;14842;Burundi;2;2021;26;26;29;4;4
11345;15195, 17033;South Sudan;2;2021;188;188;209;3;4
227;453;India;2;2021;181;175;193;3;3
299;11973;Syria;2;2021;676;664;785;4;2
309;666;Sudan;2;2021;31;31;72;3;4
11347;15108;Mali;2;2021;616;578;660;4;4
267;555;Ethiopia;2;2021;124266;123706;124387;4;4
416;15593, 16562;Central African Republic;2;2021;906;743;916;4;4
338;754;Iran;2;2021;30;18;30;3;2
259;524;Iraq;2;2021;707;628;816;4;2
13306;15100, 15101;Ukraine;1;2021;208;167;213;4;1
13324;14236;Kyrgyzstan, Tajikistan;1;2021;56;56;56;2;3
13936;14319;Pakistan;1;2021;26;26;26;3;3
13637;14320;Afghanistan;1;2021;264;206;322;4;3
13604;14620;Syria;1;2021;680;680;774;4;2
303;14636;Nigeria;1;2021;129;76;216;3;4
13638;14666;Cameroon;1;2021;62;56;134;4;4
13640;14667;Chad;1;2021;55;55;82;3;4
13639;14668;Niger;1;2021;380;297;464;4;4
13641;14669;Nigeria;1;2021;1597;1432;2494;4;4
13648;14677;Egypt;1;2021;112;99;204;3;2
13840;14953;Burkina Faso;1;2021;170;152;176;4;4
14197;15077;Somalia;1;2021;53;53;104;4;4
430;15174;Niger;2;2021;76;17;82;4;4
360;15175;Burkina Faso;2;2021;821;706;924;4;4
14113;15259;Mali;1;2021;110;110;129;4;4
14275;15473;Philippines;1;2021;71;71;71;3;3
289;624, 17247;Colombia;2;2021;113;113;123;3;5
14609;15633;Iran, Israel;2;2021;166;161;176;2;2
288;16743;Chad;2;2021;431;431;631;3;4
14129;15895;Cameroon;1;2021;519;510;644;3;4
14692;15998;DR Congo (Zaire);1;2021;616;588;640;4;4
14845;16022;Mozambique;1;2021;867;496;1179;4;4
333;735, 16825;Afghanistan;2;2021;35329;33413;39549;4;3
413;16240;Ethiopia;1;2021;283;276;3774;3;4
209;411;Philippines;2;2021;195;195;195;3;3
221;428;Myanmar (Burma);1;2021;78;72;911;3;3
231;461;Myanmar (Burma);1;2021;136;132;503;3;3
234;477, 478;Israel;1;2021;269;269;269;3;2
253;511;Myanmar (Burma);1;2021;62;40;317;3;3
291;628;Indonesia;1;2021;51;24;59;3;3
297;640;Nigeria;2;2021;276;269;306;4;4
337;750;Somalia;2;2021;2119;2110;2645;4;4
354;781;Turkey;1;2021;475;464;582;3;2
364;792;India;1;2021;250;247;254;3;3
388;833;Azerbaijan;1;2021;40;40;43;4;1
423;888;Thailand;1;2021;38;30;38;3;3
439;906;Myanmar (Burma);1;2021;71;71;337;3;3
283;11377, 11982, 16129, 16286, 16823;DR Congo (Zaire);2;2022;544;536;740;4;4
13646;10589;Kenya;1;2022;72;71;148;3;4
230;14595;Yemen (North Yemen);2;2022;2920;2136;3572;4;2
404;857;Pakistan;2;2022;494;492;525;3;3
222;14273, 16759;Myanmar (Burma);2;2022;1313;1156;6342;3;3
223;11387;Myanmar (Burma);1;2022;134;133;292;3;3
325;16177;Pakistan;1;2022;154;115;290;3;3
287;11798, 14842;Burundi;2;2022;242;234;268;4;4
227;453;India;2;2022;75;75;75;3;3
299;11973;Syria;2;2022;563;560;707;4;2
309;666;Sudan;2;2022;47;47;47;3;4
11347;15108;Mali;2;2022;1117;1099;1246;4;4
374;12102;Rwanda;2;2022;25;25;25;3;4
267;555, 16920;Ethiopia;2;2022;162453;162348;164084;4;4
416;16562;Central African Republic;2;2022;675;675;801;4;4
353;12422;Cameroon;2;2022;31;26;43;3;4
259;524;Iraq;2;2022;340;337;350;4;2
13243;14117;Russia (Soviet Union), Ukraine;3;2022;91502;69229;166886;2;1
13306;15100;Ukraine;1;2022;43;40;47;4;1
13324;14236;Kyrgyzstan, Tajikistan;1;2022;150;134;159;2;3
13936;14319;Pakistan;1;2022;29;25;30;3;3
13637;14320;Afghanistan;1;2022;253;181;404;3;3
13604;14620;Syria;1;2022;348;348;400;4;2
303;14636;Nigeria;1;2022;83;42;163;3;4
13640;14667;Chad;1;2022;35;34;66;3;4
13639;14668;Niger;1;2022;323;262;358;4;4
13641;14669;Nigeria;1;2022;1052;932;1755;4;4
13648;14677;Egypt;1;2022;231;213;232;3;2
13840;14953;Burkina Faso;1;2022;402;252;422;4;4
430;15174;Niger;2;2022;165;109;183;4;4
360;15175;Burkina Faso;2;2022;1691;1598;1922;4;4
14113;15259;Mali;1;2022;323;323;436;4;4
14275;15473;Philippines;1;2022;53;53;53;3;3
289;624, 17247;Colombia;2;2022;122;122;123;3;5
14609;15633;Iran, Israel;2;2022;56;56;92;2;2
14129;15895;Cameroon;1;2022;375;319;446;3;4
387;15993;Angola;1;2022;25;6;149;3;4
14692;15998;DR Congo (Zaire);1;2022;914;898;1000;4;4
14845;16022;Mozambique;1;2022;378;212;592;4;4
333;16825, 17083;Afghanistan;2;2022;617;380;1183;3;3
413;16240;Ethiopia;1;2022;766;667;5961;4;4
15256;16685;Benin;2;2022;30;30;33;3;4
15438;16938;Uganda;1;2022;25;25;28;3;4
358;16955;Togo;2;2022;34;19;59;3;4
209;411;Philippines;2;2022;166;163;166;3;3
221;428;Myanmar (Burma);1;2022;241;239;2148;3;3
231;461;Myanmar (Burma);1;2022;276;273;935;3;3
234;476, 478;Israel;1;2022;84;81;84;3;2
253;511;Myanmar (Burma);1;2022;74;61;719;3;3
291;628;Indonesia;1;2022;46;38;47;3;3
297;640;Nigeria;2;2022;428;179;582;4;4
337;750;Somalia;2;2022;3034;3006;4233;4;4
354;781;Turkey;1;2022;748;742;780;3;2
364;792;India;1;2022;235;235;237;3;3
388;833;Azerbaijan;1;2022;308;308;310;4;1
423;888;Thailand;1;2022;29;23;29;3;3
283;11982;DR Congo (Zaire);2;2023;202;170;250;4;4
13646;10589;Kenya;1;2023;196;191;212;3;4
230;14595;Yemen (North Yemen);2;2023;804;735;4615;4;2
404;857, 12287, 17628;Pakistan;2;2023;872;834;879;3;3
222;10988, 14273, 16759;Myanmar (Burma);2;2023;1682;1589;6814;3;3
223;11387;Myanmar (Burma);1;2023;80;80;140;3;3
325;16177;Pakistan;1;2023;110;48;208;3;3
287;14842;Burundi;2;2023;93;32;99;4;4
227;453;India;2;2023;96;95;97;3;3
299;11973;Syria;2;2023;1001;1001;1036;4;2
309;11975, 17497;Sudan;2;2023;5353;5330;5834;3;4
11347;15108;Mali;2;2023;886;873;1143;4;4
374;12102;Rwanda;2;2023;132;130;133;3;4
416;16562;Central African Republic;2;2023;230;223;251;4;4
15283;16139;Central African Republic;1;2023;31;31;31;4;4
353;12422;Cameroon;2;2023;113;108;138;3;4
338;12556;Iran;2;2023;34;34;34;3;2
259;524;Iraq;2;2023;203;203;205;4;2
13243;14117;Russia (Soviet Union), Ukraine;3;2023;75180;59676;135426;2;1
13936;14319;Pakistan;1;2023;86;85;86;3;3
13637;14320;Afghanistan;1;2023;149;102;224;3;3
13604;14620;Syria;1;2023;459;459;565;4;2
303;14636;Nigeria;1;2023;116;98;138;4;4
13638;14666;Cameroon;1;2023;53;33;67;3;4
13639;14668;Niger;1;2023;247;192;614;4;4
13641;14669;Nigeria;1;2023;1545;1279;1914;4;4
13809;14784;Syria;3;2023;40;40;40;3;2
13840;14953;Burkina Faso;1;2023;817;572;925;3;4
430;15174;Niger;2;2023;48;48;59;4;4
360;15175;Burkina Faso;2;2023;3791;3771;4786;4;4
14113;15259;Mali;1;2023;182;182;215;4;4
14275;15473;Philippines;1;2023;79;78;93;3;3
289;624, 17247;Colombia;2;2023;89;88;90;3;5
14609;15633;Iran, Israel;2;2023;160;160;160;2;2
288;15676;Chad;2;2023;61;61;79;3;4
14129;15895;Cameroon;1;2023;193;185;240;3;4
14692;15998;DR Congo (Zaire);1;2023;348;338;1313;4;4
14845;16022;Mozambique;1;2023;176;85;247;4;4
333;16825, 17083;Afghanistan;2;2023;74;55;179;3;3
413;16240;Ethiopia;1;2023;464;400;5046;3;4
15256;16685;Benin;2;2023;28;28;33;3;4
358;16955;Togo;2;2023;29;29;48;3;4
16069;17147;Ethiopia;3;2023;1218;1218;1822;3;4
399;17509, 17511, 17528;Russia (Soviet Union);2;2023;97;60;176;3;1
16038;17666;Mali;3;2023;170;170;230;3;4
209;411;Philippines;2;2023;164;164;167;3;3
221;428;Myanmar (Burma);1;2023;189;189;1182;3;3
231;461;Myanmar (Burma);1;2023;292;280;725;3;3
234;476, 477, 478;Israel;1;2023;26696;26630;26809;4;2
253;511;Myanmar (Burma);1;2023;150;149;413;3;3
291;628;Indonesia;1;2023;59;39;75;3;3
297;640;Nigeria;2;2023;464;251;502;4;4
337;750;Somalia;2;2023;3859;3846;4851;4;4
354;781;Turkey;1;2023;372;372;492;3;2
364;792;India;1;2023;119;111;173;3;3
388;833;Azerbaijan;1;2023;462;462;462;4;1
423;888;Thailand;1;2023;30;19;30;3;3
426;891;Israel;1;2023;139;139;140;3;2
439;906;Myanmar (Burma);1;2023;49;49;169;3;3
283;17740;DR Congo (Zaire);2;2024;904;732;2555;4;4
13646;10589;Kenya;1;2024;52;49;53;3;4
230;14595;Yemen (North Yemen);2;2024;779;397;805;4;2
404;857, 12287;Pakistan;2;2024;1304;1284;1380;3;3
222;14273, 16759, 17806;Myanmar (Burma);2;2024;1244;1232;2363;3;3
223;11387;Myanmar (Burma);1;2024;515;513;941;3;3
325;16177;Pakistan;1;2024;300;236;675;3;3
287;14842;Burundi;2;2024;60;57;108;4;4
227;453;India;2;2024;325;319;360;3;3
299;11973;Syria;2;2024;1459;1453;1475;4;2
309;17497;Sudan;2;2024;4684;4360;4974;3;4
11347;15108;Mali;2;2024;760;753;936;4;4
374;12102;Rwanda;2;2024;44;37;44;3;4
11639;12291;Afghanistan, Pakistan;1;2024;61;51;105;2;3
416;16562;Central African Republic;2;2024;177;159;448;4;4
353;12422;Cameroon;2;2024;63;55;64;3;4
338;12556;Iran;2;2024;113;113;113;3;2
259;524;Iraq;2;2024;217;215;230;4;2
13243;14117;Russia (Soviet Union), Ukraine;3;2024;75686;68784;121134;2;1
13637;14320;Afghanistan;1;2024;105;76;145;3;3
13588;14619;Russia (Soviet Union);1;2024;53;47;54;3;1
13604;14620;Syria;1;2024;629;588;641;4;2
303;14636;Nigeria;1;2024;197;133;232;3;4
13639;14668;Niger;1;2024;485;397;831;3;4
13641;14669;Nigeria;1;2024;1163;1051;1316;4;4
13809;14784;Syria;3;2024;78;78;78;3;2
13840;14953;Burkina Faso;1;2024;63;53;67;3;4
14197;15077;Somalia;1;2024;30;30;34;4;4
430;15174;Niger;2;2024;440;405;508;3;4
360;15175;Burkina Faso;2;2024;2136;2018;2581;4;4
14113;15259;Mali;1;2024;128;124;187;4;4
14275;15473;Philippines;1;2024;43;40;43;3;3
289;624, 17247, 17249;Colombia;2;2024;225;219;229;3;5
14609;15633;Iran, Israel;2;2024;549;548;549;2;2
14129;15895;Cameroon;1;2024;168;161;174;3;4
387;15993;Angola;1;2024;25;10;109;3;4
14692;15998;DR Congo (Zaire);1;2024;150;148;251;4;4
14845;16022;Mozambique;1;2024;151;108;321;4;4
333;16825;Afghanistan;2;2024;28;18;95;3;3
413;16240;Ethiopia;1;2024;685;667;4776;3;4
15256;16685;Benin;2;2024;77;73;83;3;4
358;16955;Togo;2;2024;46;46;53;3;4
16069;17147;Ethiopia;3;2024;2139;2122;5539;3;4
399;17511;Russia (Soviet Union);2;2024;28;24;35;3;1
16038;17666;Mali;3;2024;123;110;197;4;4
16099;17738;United Kingdom, United States of America, Yemen (North Yemen);1;2024;117;72;184;2;1, 2, 5
381;17970;Haiti;2;2024;193;174;207;4;5
16379;18169;Somalia;1;2024;75;10;75;3;4
209;411;Philippines;2;2024;133;125;133;3;3
221;428;Myanmar (Burma);1;2024;165;165;459;3;3
231;461;Myanmar (Burma);1;2024;283;252;522;3;3
234;476, 477, 478;Israel;1;2024;21465;21407;21534;4;2
253;511;Myanmar (Burma);1;2024;28;28;82;3;3
291;628;Indonesia;1;2024;57;39;63;3;3
297;640;Nigeria;2;2024;222;179;265;4;4
337;750;Somalia;2;2024;2193;2165;2311;4;4
354;781;Turkey;1;2024;209;205;367;3;2
364;792;India;1;2024;112;111;114;3;3
423;888;Thailand;1;2024;35;29;35;3;3
426;891;Israel;1;2024;4362;4007;5184;3;2
439;906;Myanmar (Burma);1;2024;99;99;99;3;3